from,to
#erdmuthe_benigna_ebersdorf,#augustus_geusau
#erdmuthe_benigna_ebersdorf,#graefin_in_dresden
#erdmuthe_benigna_ebersdorf,#familie_stengel
#herr_tischer,#erdmuthe_benigna_ebersdorf
#erdmuthe_benigna_ebersdorf,#herr_lichtenstein
#graefin_castell,#herr_krüger
#graefin_castell,#herr_krüger
#graefin_castell,#erdmuthe_benigna_ebersdorf
#erdmuthe_benigna_ebersdorf,#herr_von_watteville
#erdmuthe_benigna_ebersdorf,#kammerherr_gersdorf
#erdmuthe_benigna_ebersdorf,#kammerherr_gersdorf
#bruder_erdmuthe_benigna_ebersdorf,#nikolaus_ludwig_zinzendorf
#erdmuthe_benigna_ebersdorf,#friedrich_eberhard_collin
#erdmuthe_benigna_ebersdorf,#friedrich_eberhard_collin
#erdmuthe_benigna_ebersdorf,#nitschmann
#erdmuthe_benigna_ebersdorf,#ehefrau_erbprinz
#benigna_marie_ebersdorf,#erbprinz
#familie_erdmuthe_benigna_ebersdorf,#erbprinz
#erdmuthe_benigna_ebersdorf,#erbprinz
#nikolaus_ludwig_zinzendorf,#erbprinz
#erdmuthe_benigna_ebersdorf,#henriette_benigna_justine_zinzendorf
#erdmuthe_benigna_ebersdorf,#henriette_benigna_justine_zinzendorf
#erdmuthe_benigna_ebersdorf,#henriette_benigna_justine_zinzendorf
#erdmuthe_benigna_ebersdorf,#henriette_benigna_justine_zinzendorf
#erdmuthe_benigna_ebersdorf,#henriette_benigna_justine_zinzendorf
#erdmuthe_benigna_ebersdorf,#henriette_benigna_justine_zinzendorf
#erdmuthe_benigna_ebersdorf,#oderwitzer_leinenweber
#erdmuthe_benigna_ebersdorf,#oderwitzer_leinenweber
#frau_braunwald,#erdmuthe_benigna_ebersdorf
#erdmuthe_benigna_ebersdorf,#sophie_charlotte_obergreiz
#erdmuthe_benigna_ebersdorf,#christine_luise_oettingen
#christine_luise_oettingen,#nikolaus_ludwig_zinzendorf
#christine_luise_oettingen,#erdmuthe_benigna_ebersdorf
#erdmuthe_benigna_ebersdorf,#frau_bonacker
#heinrich_wilhelm_solms,#erdmuthe_benigna_ebersdorf
#erdmuthe_benigna_ebersdorf,#luise_wildenfels
#luise_wildenfels,#erdmuthe_benigna_ebersdorf
#erdmuthe_benigna_ebersdorf,#tante_nikolaus_ludwig_zinzendorf
#charlotte_justine_gersdorf,#erdmuthe_benigna_ebersdorf
#erdmuthe_benigna_ebersdorf,#charlotte_justine_gersdorf
#charlotte_justine_gersdorf,#erdmuthe_benigna_ebersdorf
#erdmuthe_benigna_ebersdorf,#charlotte_justine_gersdorf
#erdmuthe_benigna_ebersdorf,#charlotte_justine_gersdorf
#erdmuthe_benigna_ebersdorf,#charlotte_justine_gersdorf
#erdmuthe_benigna_ebersdorf,#charlotte_justine_gersdorf
#erdmuthe_benigna_ebersdorf,#charlotte_justine_gersdorf
#erdmuthe_benigna_ebersdorf,#charlotte_justine_gersdorf
#erdmuthe_benigna_ebersdorf,#charlotte_justine_gersdorf
#erdmuthe_benigna_ebersdorf,#henriette_katharina_gersdorf
#erdmuthe_benigna_ebersdorf,#henriette_katharina_gersdorf
#erdmuthe_benigna_ebersdorf,#henriette_katharina_gersdorf
#erdmuthe_benigna_ebersdorf,#henriette_katharina_gersdorf
#erdmuthe_benigna_ebersdorf,#henriette_katharina_gersdorf
#erdmuthe_benigna_ebersdorf,#henriette_katharina_gersdorf
#erdmuthe_benigna_ebersdorf,#familie_nikolaus_ludwig_zinzendorf
#erdmuthe_benigna_ebersdorf,#familie_nikolaus_ludwig_zinzendorf
#dorothea,#erdmuthe_benigna_ebersdorf
#erdmuthe_benigna_ebersdorf,#herr_krüger
#erdmuthe_benigna_ebersdorf,#herr_krüger
#erdmuthe_benigna_ebersdorf,#herr_krüger
#erdmuthe_benigna_ebersdorf,#herr_krüger
#erdmuthe_benigna_ebersdorf,#herr_krüger
#erdmuthe_benigna_ebersdorf,#herr_krüger
#herr_krüger,#erdmuthe_benigna_ebersdorf
#erdmuthe_benigna_ebersdorf,#herr_krüger
#erdmuthe_benigna_ebersdorf,#herr_krüger
#erdmuthe_benigna_ebersdorf,#herr_krüger
#erdmuthe_benigna_ebersdorf,#herr_krüger
#herr_krüger,#erdmuthe_benigna_ebersdorf
#erdmuthe_benigna_ebersdorf,#herr_krüger
#herr_krüger,#heinrichxxix_ebersdorf
#herr_krüger,#heinrich_schubert
#erdmuthe_benigna_ebersdorf,#herr_krüger
#erdmuthe_benigna_ebersdorf,#herr_krüger
#erdmuthe_benigna_ebersdorf,#herr_krüger
#erdmuthe_benigna_ebersdorf,#herr_krüger
#erdmuthe_benigna_ebersdorf,#herr_krüger
#erdmuthe_benigna_ebersdorf,#herr_krüger
#erdmuthe_benigna_ebersdorf,#herr_krüger
#erdmuthe_benigna_ebersdorf,#herr_krüger
#erdmuthe_benigna_ebersdorf,#herr_krüger
#herr_krüger,#erdmuthe_benigna_ebersdorf
#erdmuthe_benigna_ebersdorf,#herr_krüger
#herr_krüger,#erdmuthe_benigna_ebersdorf
#herr_krüger,#erdmuthe_benigna_ebersdorf
#erdmuthe_benigna_ebersdorf,#herr_krüger
#erdmuthe_benigna_ebersdorf,#herr_krüger
#sophie_theodore_castell,#nikolaus_ludwig_zinzendorf
#sophie_theodore_castell,#nikolaus_ludwig_zinzendorf
#erdmuthe_benigna_ebersdorf,#sophie_theodore_castell
#sophie_theodore_castell,#nikolaus_ludwig_zinzendorf
#emilie1,#erdmuthe_benigna_ebersdorf
#erdmuthe_benigna_ebersdorf,#mittendorf1
#erdmuthe_benigna_ebersdorf,#erdmann_henckel_donnersmarck
#erdmuthe_benigna_ebersdorf,#erdmann_henckel_donnersmarck
#erhardt_heinrich_mueller,#erdmuthe_benigna_ebersdorf
#erdmuthe_benigna_ebersdorf,#erhardt_heinrich_mueller
#erhardt_heinrich_mueller,#erdmuthe_benigna_ebersdorf
#erdmuthe_benigna_ebersdorf,#johann_christoph_steinberger
#erdmuthe_benigna_ebersdorf,#erdmannii_promnitz
#erdmuthe_benigna_ebersdorf,#erdmannii_promnitz
#erdmannii_promnitz,#heinrichxxiv_koestritz
#erdmuthe_benigna_ebersdorf,#klemperer1
#familie_erdmuthe_benigna_ebersdorf,#nikolaus_ludwig_zinzendorf
#familie_erdmuthe_benigna_ebersdorf,#nikolaus_ludwig_zinzendorf
#familie_erdmuthe_benigna_ebersdorf,#nikolaus_ludwig_zinzendorf
#familie_erdmuthe_benigna_ebersdorf,#nikolaus_ludwig_zinzendorf
#familie_erdmuthe_benigna_ebersdorf,#nikolaus_ludwig_zinzendorf
#familie_erdmuthe_benigna_ebersdorf,#nikolaus_ludwig_zinzendorf
#familie_erdmuthe_benigna_ebersdorf,#nikolaus_ludwig_zinzendorf
#familie_erdmuthe_benigna_ebersdorf,#nikolaus_ludwig_zinzendorf
#familie_erdmuthe_benigna_ebersdorf,#familie_heinrichxxiv_koestritz
#marie_christiane_lobenstein,#erdmuthe_benigna_ebersdorf
#marie_christiane_lobenstein,#heinrichxxiv_koestritz
#erdmuthe_benigna_ebersdorf,#schneider1
#erdmuthe_benigna_ebersdorf,#schneider1
#salzmann1,#laubacher_mensch
#erdmuthe_benigna_ebersdorf,#johann_friedrich_kuefner
#erdmuthe_benigna_ebersdorf,#elias_dantz
#erdmuthe_benigna_ebersdorf,#heinrich_augustin_andreae
#erdmuthe_benigna_ebersdorf,#grunewald1
#erdmuthe_benigna_ebersdorf,#grunewald1
#erdmuthe_benigna_ebersdorf,#johann_kessel
#erdmuthe_benigna_ebersdorf,#sophie_marie_koestritz
#erdmuthe_benigna_ebersdorf,#hilsemann1
#erdmuthe_benigna_ebersdorf,#gem_regierung_gera
#erdmuthe_benigna_ebersdorf,#hermann_burkhart_rossler
#hermann_burkhart_rossler,#erdmuthe_benigna_ebersdorf
#hermann_burkhart_rossler,#erdmuthe_benigna_ebersdorf
#christian_koerber,#erdmuthe_benigna_ebersdorf
#erdmuthe_benigna_ebersdorf,#johanne_dorothea_schleiz
#erdmuthe_benigna_ebersdorf,#johanne_dorothea_schleiz
#erdmuthe_benigna_ebersdorf,#johanne_dorothea_schleiz
#erdmuthe_benigna_ebersdorf,#johanne_dorothea_schleiz
#christian_heinrich_waldenburg,#heinrichxxiv_koestritz
#christian_heinrich_waldenburg,#heinrichxxiv_koestritz
#christian_heinrich_waldenburg,#erdmuthe_benigna_ebersdorf
#christiane_theresia_schoenburg,#heinrichxxiv_koestritz
#christiane_theresia_schoenburg,#heinrichxxiv_koestritz
#christiane_theresia_schoenburg,#erdmuthe_benigna_ebersdorf
#johanna_auguste_charlotte_schoenburg,#heinrichxxiv_koestritz
#johanna_auguste_charlotte_schoenburg,#heinrichxxiv_koestritz
#johanna_auguste_charlotte_schoenburg,#erdmuthe_benigna_ebersdorf
#ernestine_eleonore_lobenstein,#heinrichxxiv_koestritz
#ernestine_eleonore_lobenstein,#heinrichxxiv_koestritz
#ernestine_eleonore_lobenstein,#erdmuthe_benigna_ebersdorf
#heinrichxxiv_koestritz,#helmond1
#erdmuthe_benigna_ebersdorf,#helmond1
#gottfried_grimm,#erdmuthe_benigna_ebersdorf
#erdmuthe_benigna_ebersdorf,#gottfried_grimm
#erdmuthe_benigna_ebersdorf,#beate_henriette_lobenstein
#beate_henriette_lobenstein,#erdmuthe_benigna_ebersdorf
#ernestine_eleonore_ebersdorf,#heinrichxxiv_koestritz
#erdmuthe_benigna_ebersdorf,#henriette_bibiane_ebersdorf
#henriette_bibiane_ebersdorf,#heinrichxxiv_koestritz
#benigna_marie_ebersdorf,#heinrichxxiv_koestritz
#martin_neidhart,#erdmuthe_benigna_ebersdorf
#luise_albertine_solms,#marie_eleonore_koestritz
#luise_albertine_solms,#heinrichxxiv_koestritz
#luise_albertine_solms,#erdmuthe_benigna_ebersdorf
#jaegersberg1,#erdmuthe_benigna_ebersdorf
#peter_christoph_martini,#erdmuthe_benigna_ebersdorf
#peter_christoph_martini,#erdmuthe_benigna_ebersdorf
#peter_christoph_martini,#erdmuthe_benigna_ebersdorf
#erdmuthe_benigna_ebersdorf,#johann_samuel_brunner
#erdmuthe_benigna_ebersdorf,#johann_samuel_brunner
#erdmuthe_benigna_ebersdorf,#johann_samuel_brunner
#johann_samuel_brunner,#erdmuthe_benigna_ebersdorf
#erdmuthe_benigna_ebersdorf,#johann_caspar_jahn
#erdmuthe_benigna_ebersdorf,#johann_conrad_zembsch
#erdmuthe_benigna_ebersdorf,#johann_conrad_zembsch
#johann_conrad_zembsch,#august_hermann_francke
#tante_erdmuthe_benigna_ebersdorf,#erdmuthe_benigna_ebersdorf
#graf_reder,#erdmuthe_benigna_ebersdorf
#graf_reder,#erdmuthe_benigna_ebersdorf
#heinrichxxvi_lobenstein_selbitz,#erdmuthe_benigna_ebersdorf
#juliane_rebecca_lobenstein_selbitz,#erdmuthe_benigna_ebersdorf
#erdmuthe_benigna_ebersdorf,#familie_heinrichxxiv_koestritz
#erdmuthe_benigna_ebersdorf,#familie_heinrichxxiv_koestritz
#erdmuthe_benigna_ebersdorf,#familie_heinrichxxiv_koestritz
#erdmuthe_benigna_ebersdorf,#familie_heinrichxxiv_koestritz
#erdmuthe_benigna_ebersdorf,#familie_heinrichxxiv_koestritz
#ulrich_bogislaus_bonin,#nikolaus_ludwig_zinzendorf
#ulrich_bogislaus_bonin,#heinrichxxiv_koestritz
#erdmuthe_benigna_ebersdorf,#draxdorf1
#erdmuthe_benigna_ebersdorf,#haumann1
#erdmuthe_benigna_ebersdorf,#haumann1
#ludwig_friedrich_stein,#heinrichxviii_gera
#heinrichxxiii_lobenstein,#heinrichxviii_gera
#auguste_dorothea_schleiz,#erdmuthe_benigna_ebersdorf
#erdmuthe_benigna_ebersdorf,#auguste_dorothea_schleiz
#erdmuthe_benigna_ebersdorf,#auguste_dorothea_schleiz
#erdmuthe_benigna_ebersdorf,#heinrichii_obergreiz
#erdmuthe_benigna_ebersdorf,#heinrichii_obergreiz
#erdmuthe_benigna_ebersdorf,#christian_spindler
#erdmuthe_benigna_ebersdorf,#andreas_stengel
#erdmuthe_benigna_ebersdorf,#andreas_stengel
#erdmuthe_benigna_ebersdorf,#andreas_stengel
#erdmuthe_benigna_ebersdorf,#andreas_stengel
#erdmuthe_benigna_ebersdorf,#heinrichx_koestritz
#erdmuthe_benigna_ebersdorf,#heinrichx_koestritz
#erdmuthe_benigna_ebersdorf,#august_hermann_francke
#erdmuthe_benigna_ebersdorf,#august_hermann_francke
#heinrichxxiv_koestritz,#august_hermann_francke
#erdmuthe_benigna_ebersdorf,#august_hermann_francke
#erdmuthe_benigna_ebersdorf,#august_hermann_francke
#erdmuthe_benigna_ebersdorf,#august_hermann_francke
#georg_paul_klein_nicolai,#august_hermann_francke
#heinrichxxiv_koestritz,#august_hermann_francke
#heinrichxxix_ebersdorf,#august_hermann_francke
#erdmuthe_benigna_ebersdorf,#august_hermann_francke
#georg_paul_klein_nicolai,#august_hermann_francke
#heinrichxxix_ebersdorf,#august_hermann_francke
#erdmuthe_benigna_ebersdorf,#komtesse_wurmbrand
#erdmuthe_benigna_ebersdorf,#komtesse_wurmbrand
#erdmuthe_benigna_ebersdorf,#johann_gottlieb_rossler
#erdmuthe_benigna_ebersdorf,#specht1
#erdmuthe_benigna_ebersdorf,#specht1
#erdmuthe_benigna_ebersdorf,#specht1
#specht1,#erdmuthe_benigna_ebersdorf
#specht1,#heinrichxxiv_koestritz
#fuchs1,#erdmuthe_benigna_ebersdorf
#erdmuthe_benigna_ebersdorf,#pabst1
#erdmuthe_benigna_ebersdorf,#pabst1
#erdmuthe_benigna_ebersdorf,#person_schulpforde
#erdmuthe_benigna_ebersdorf,#johann_christoph_orlich
#erdmuthe_benigna_ebersdorf,#johann_christoph_orlich
#johann_christoph_orlich,#erdmuthe_benigna_ebersdorf
#erdmuthe_benigna_ebersdorf,#johann_christoph_orlich
#johann_christoph_orlich,#erdmuthe_benigna_ebersdorf
#erdmuthe_benigna_ebersdorf,#johann_christoph_orlich
#ehefrau_otto_heinrich_becker,#erdmuthe_benigna_ebersdorf
#bergrat_ebersdorf,#erdmuthe_benigna_ebersdorf
#erdmuthe_benigna_ebersdorf,#berginspektor_ebersdorf
#berginspektor_ebersdorf,#erdmuthe_benigna_ebersdorf
#erdmuthe_benigna_ebersdorf,#schmidt1
#erdmuthe_benigna_ebersdorf,#ferdinande_charlotte_obergreiz
#heinrichxi_schleiz,#otto_heinrich_becker
#erdmuthe_benigna_ebersdorf,#otto_heinrich_becker
#erdmuthe_benigna_ebersdorf,#otto_heinrich_becker
#erdmuthe_benigna_ebersdorf,#christiane_magdalene_becker
#erdmuthe_benigna_ebersdorf,#henriette_amalie_obergreiz
#heinrichxxiii_lobenstein,#miller1
#erdmuthe_benigna_ebersdorf,#heinrichxxiii_lobenstein
#erdmuthe_benigna_ebersdorf,#heinrichxxiii_lobenstein
#erdmuthe_benigna_ebersdorf,#heinrichxxiii_lobenstein
#heinrichxxiii_lobenstein,#erdmuthe_benigna_ebersdorf
#heinrichxxiii_lobenstein,#erdmuthe_benigna_ebersdorf
#erdmuthe_benigna_ebersdorf,#albrecht_friedrich_grote
#erdmuthe_benigna_ebersdorf,#adam_friedrich_watzdorf
#heinrichxxiv_koestritz,#adam_friedrich_watzdorf
#erdmuthe_benigna_ebersdorf,#adam_friedrich_watzdorf
#erdmuthe_benigna_ebersdorf,#adam_friedrich_watzdorf
#adam_friedrich_watzdorf,#erdmuthe_benigna_ebersdorf
#adam_friedrich_watzdorf,#erdmuthe_benigna_ebersdorf
#erdmuthe_benigna_ebersdorf,#adam_friedrich_watzdorf
#adam_friedrich_watzdorf,#heinrichxxiv_koestritz
#erdmuthe_benigna_ebersdorf,#adam_friedrich_watzdorf
#erdmuthe_benigna_ebersdorf,#thiele1
#thiele1,#erdmuthe_benigna_ebersdorf
#erdmuthe_benigna_ebersdorf,#grafen_wittgenstein
#erdmuthe_benigna_ebersdorf,#johann_christian_jordan
#erdmuthe_benigna_ebersdorf,#ingolfinger
#erdmuthe_benigna_ebersdorf,#johann_georg_pertzsch
#erdmuthe_benigna_ebersdorf,#johann_georg_pertzsch
#erdmuthe_benigna_ebersdorf,#johann_georg_pertzsch
#erdmuthe_benigna_ebersdorf,#heinrich_schubert
#erdmuthe_benigna_ebersdorf,#heinrich_schubert
#erdmuthe_benigna_ebersdorf,#heinrich_schubert
#heinrich_schubert,#nikolaus_ludwig_zinzendorf
#erdmuthe_benigna_ebersdorf,#heinrich_schubert
#heinrich_schubert,#erdmuthe_benigna_ebersdorf
#erdmuthe_benigna_ebersdorf,#graf_otte
#nikolaus_ludwig_zinzendorf,#heinrichxxix_ebersdorf
#erdmuthe_benigna_ebersdorf,#heinrichxxix_ebersdorf
#erdmuthe_benigna_ebersdorf,#heinrichxxix_ebersdorf
#heinrichxxix_ebersdorf,#nikolaus_ludwig_zinzendorf
#heinrichxxix_ebersdorf,#nikolaus_ludwig_zinzendorf
#nikolaus_ludwig_zinzendorf,#heinrichxxix_ebersdorf
#erdmuthe_benigna_ebersdorf,#heinrichxxix_ebersdorf
#heinrichxxix_ebersdorf,#heinrichxxiv_koestritz
#erdmuthe_benigna_ebersdorf,#heinrichxxix_ebersdorf
#heinrichxxix_ebersdorf,#heinrichxxiv_koestritz
#heinrichxxix_ebersdorf,#georg_paul_klein_nicolai
#heinrichxxix_ebersdorf,#heinrichxxiv_koestritz
#heinrichxxiv_koestritz,#heinrichxxix_ebersdorf
#heinrichxxix_ebersdorf,#heinrichxxiv_koestritz
#christoph_hessler,#erdmuthe_benigna_ebersdorf
#erdmuthe_benigna_ebersdorf,#christoph_hessler
#erdmuthe_benigna_ebersdorf,#hirschberger_buerger
#erdmuthe_benigna_ebersdorf,#hirschberger_buerger
#erdmuthe_benigna_ebersdorf,#hirschberger_buerger
#erdmuthe_benigna_ebersdorf,#hirschberger_buerger
#erdmuthe_benigna_ebersdorf,#hirschberger_buerger
#ernestine_hohenlohe,#erdmuthe_benigna_ebersdorf
#erdmuthe_benigna_ebersdorf,#johann_eberhard_mueller
#johann_eberhard_mueller,#erdmuthe_benigna_ebersdorf
#johann_eberhard_mueller,#erdmuthe_benigna_ebersdorf
#johann_eberhard_mueller,#erdmuthe_benigna_ebersdorf
#johann_eberhard_mueller,#erdmuthe_benigna_ebersdorf
#johann_eberhard_mueller,#erdmuthe_benigna_ebersdorf
#erdmuthe_benigna_ebersdorf,#dioletz1
#erdmuthe_benigna_ebersdorf,#dioletz1
#erdmuthe_benigna_ebersdorf,#margang1
#erdmuthe_benigna_ebersdorf,#margang1
#erdmuthe_benigna_ebersdorf,#margang1
#erdmuthe_benigna_ebersdorf,#georg_paul_klein_nicolai
#georg_paul_klein_nicolai,#heinrichxxiv_koestritz
#erdmuthe_benigna_ebersdorf,#georg_paul_klein_nicolai
#erdmuthe_benigna_ebersdorf,#georg_paul_klein_nicolai
#erdmuthe_benigna_ebersdorf,#georg_paul_klein_nicolai
#georg_paul_klein_nicolai,#erdmuthe_benigna_ebersdorf
#erdmuthe_benigna_ebersdorf,#georg_paul_klein_nicolai
#erdmuthe_benigna_ebersdorf,#georg_paul_klein_nicolai
#erdmuthe_benigna_ebersdorf,#georg_paul_klein_nicolai
#johann_alexander_zeller,#nikolaus_ludwig_zinzendorf
#erdmuthe_benigna_ebersdorf,#johann_alexander_zeller
#johann_alexander_zeller,#heinrichxxiv_koestritz
#erdmuthe_benigna_ebersdorf,#johann_alexander_zeller
#erdmuthe_benigna_ebersdorf,#johann_alexander_zeller
#kinder_erdmuthe_benigna_ebersdorf,#nikolaus_ludwig_zinzendorf
#kinder_erdmuthe_benigna_ebersdorf,#nikolaus_ludwig_zinzendorf
#kinder_erdmuthe_benigna_ebersdorf,#nikolaus_ludwig_zinzendorf
#nikolaus_ludwig_zinzendorf,#kinder_erdmuthe_benigna_ebersdorf
#kinder_erdmuthe_benigna_ebersdorf,#nikolaus_ludwig_zinzendorf
#kinder_erdmuthe_benigna_ebersdorf,#nikolaus_ludwig_zinzendorf
#kinder_erdmuthe_benigna_ebersdorf,#nikolaus_ludwig_zinzendorf
#kinder_erdmuthe_benigna_ebersdorf,#heinrichxxiv_koestritz
#kinder_erdmuthe_benigna_ebersdorf,#heinrichxxiv_koestritz
#kinder_erdmuthe_benigna_ebersdorf,#heinrichxxiv_koestritz
#kinder_erdmuthe_benigna_ebersdorf,#heinrichxxiv_koestritz
#kinder_erdmuthe_benigna_ebersdorf,#heinrichxxiv_koestritz
#kinder_erdmuthe_benigna_ebersdorf,#heinrichxxiv_koestritz
#kinder_erdmuthe_benigna_ebersdorf,#heinrichxxiv_koestritz
#kinder_erdmuthe_benigna_ebersdorf,#marie_eleonore_koestritz
#kinder_erdmuthe_benigna_ebersdorf,#heinrichxxiv_koestritz
#kinder_erdmuthe_benigna_ebersdorf,#heinrichxxiv_koestritz
#kinder_erdmuthe_benigna_ebersdorf,#heinrichxxiv_koestritz
#kinder_erdmuthe_benigna_ebersdorf,#heinrichxxiv_koestritz
#kinder_erdmuthe_benigna_ebersdorf,#heinrichxxiv_koestritz
#kinder_erdmuthe_benigna_ebersdorf,#heinrichxxiv_koestritz
#kinder_erdmuthe_benigna_ebersdorf,#heinrichxxiv_koestritz
#kinder_erdmuthe_benigna_ebersdorf,#heinrichxxiv_koestritz
#erdmuthe_benigna_ebersdorf,#erdmuth_dorothea_zinzendorf
#erdmuthe_benigna_ebersdorf,#erdmuth_dorothea_zinzendorf
#erdmuthe_benigna_ebersdorf,#erdmuth_dorothea_zinzendorf
#erdmuthe_benigna_ebersdorf,#erdmuth_dorothea_zinzendorf
#erdmuthe_benigna_ebersdorf,#erdmuth_dorothea_zinzendorf
#erdmuthe_benigna_ebersdorf,#erdmuth_dorothea_zinzendorf
#erdmuth_dorothea_zinzendorf,#erdmuthe_benigna_ebersdorf
#erdmuthe_benigna_ebersdorf,#erdmuth_dorothea_zinzendorf
#erdmuthe_benigna_ebersdorf,#erdmuth_dorothea_zinzendorf
#erdmuthe_benigna_ebersdorf,#erdmuth_dorothea_zinzendorf
#erdmuthe_benigna_ebersdorf,#erdmuth_dorothea_zinzendorf
#erdmuthe_benigna_ebersdorf,#erdmuth_dorothea_zinzendorf
#erdmuthe_benigna_ebersdorf,#erdmuth_dorothea_zinzendorf
#erdmuth_dorothea_zinzendorf,#erdmuthe_benigna_ebersdorf
#erdmuthe_benigna_ebersdorf,#erdmuth_dorothea_zinzendorf
#erdmuthe_benigna_ebersdorf,#erdmuth_dorothea_zinzendorf
#erdmuthe_benigna_ebersdorf,#erdmuth_dorothea_zinzendorf
#erdmuthe_benigna_ebersdorf,#erdmuth_dorothea_zinzendorf
#erdmuthe_benigna_ebersdorf,#erdmuth_dorothea_zinzendorf
#erdmuthe_benigna_ebersdorf,#erdmuth_dorothea_zinzendorf
#erdmuthe_benigna_ebersdorf,#erdmuth_dorothea_zinzendorf
#erdmuthe_benigna_ebersdorf,#erdmuth_dorothea_zinzendorf
#erdmuthe_benigna_ebersdorf,#erdmuth_dorothea_zinzendorf
#erdmuthe_benigna_ebersdorf,#erdmuth_dorothea_zinzendorf
#erdmuthe_benigna_ebersdorf,#erdmuth_dorothea_zinzendorf
#erdmuthe_benigna_ebersdorf,#erdmuth_dorothea_zinzendorf
#erdmuthe_benigna_ebersdorf,#erdmuth_dorothea_zinzendorf
#erdmuthe_benigna_ebersdorf,#erdmuth_dorothea_zinzendorf
#erdmuth_dorothea_zinzendorf,#erdmuthe_benigna_ebersdorf
#erdmuthe_benigna_ebersdorf,#erdmuth_dorothea_zinzendorf
#erdmuth_dorothea_zinzendorf,#nikolaus_ludwig_zinzendorf
#erdmuth_dorothea_zinzendorf,#nikolaus_ludwig_zinzendorf
#erdmuth_dorothea_zinzendorf,#heinrichxxiv_koestritz
#erdmuthe_benigna_ebersdorf,#erdmuth_dorothea_zinzendorf
#erdmuthe_benigna_ebersdorf,#nikolaus_ludwig_zinzendorf
#erdmuthe_benigna_ebersdorf,#nikolaus_ludwig_zinzendorf
#erdmuthe_benigna_ebersdorf,#nikolaus_ludwig_zinzendorf
#erdmuthe_benigna_ebersdorf,#nikolaus_ludwig_zinzendorf
#erdmuthe_benigna_ebersdorf,#nikolaus_ludwig_zinzendorf
#nikolaus_ludwig_zinzendorf,#erdmuthe_benigna_ebersdorf
#erdmuthe_benigna_ebersdorf,#nikolaus_ludwig_zinzendorf
#erdmuthe_benigna_ebersdorf,#nikolaus_ludwig_zinzendorf
#nikolaus_ludwig_zinzendorf,#erdmuthe_benigna_ebersdorf
#erdmuthe_benigna_ebersdorf,#nikolaus_ludwig_zinzendorf
#erdmuthe_benigna_ebersdorf,#nikolaus_ludwig_zinzendorf
#erdmuthe_benigna_ebersdorf,#nikolaus_ludwig_zinzendorf
#erdmuthe_benigna_ebersdorf,#nikolaus_ludwig_zinzendorf
#erdmuthe_benigna_ebersdorf,#nikolaus_ludwig_zinzendorf
#erdmuthe_benigna_ebersdorf,#nikolaus_ludwig_zinzendorf
#erdmuthe_benigna_ebersdorf,#nikolaus_ludwig_zinzendorf
#erdmuthe_benigna_ebersdorf,#nikolaus_ludwig_zinzendorf
#erdmuthe_benigna_ebersdorf,#nikolaus_ludwig_zinzendorf
#nikolaus_ludwig_zinzendorf,#erdmuthe_benigna_ebersdorf
#erdmuthe_benigna_ebersdorf,#nikolaus_ludwig_zinzendorf
#erdmuthe_benigna_ebersdorf,#nikolaus_ludwig_zinzendorf
#erdmuthe_benigna_ebersdorf,#nikolaus_ludwig_zinzendorf
#erdmuthe_benigna_ebersdorf,#nikolaus_ludwig_zinzendorf
#erdmuthe_benigna_ebersdorf,#nikolaus_ludwig_zinzendorf
#erdmuthe_benigna_ebersdorf,#nikolaus_ludwig_zinzendorf
#erdmuthe_benigna_ebersdorf,#nikolaus_ludwig_zinzendorf
#erdmuthe_benigna_ebersdorf,#nikolaus_ludwig_zinzendorf
#erdmuthe_benigna_ebersdorf,#nikolaus_ludwig_zinzendorf
#erdmuthe_benigna_ebersdorf,#nikolaus_ludwig_zinzendorf
#nikolaus_ludwig_zinzendorf,#erdmuthe_benigna_ebersdorf
#erdmuthe_benigna_ebersdorf,#nikolaus_ludwig_zinzendorf
#erdmuthe_benigna_ebersdorf,#nikolaus_ludwig_zinzendorf
#erdmuthe_benigna_ebersdorf,#nikolaus_ludwig_zinzendorf
#erdmuthe_benigna_ebersdorf,#nikolaus_ludwig_zinzendorf
#erdmuthe_benigna_ebersdorf,#nikolaus_ludwig_zinzendorf
#erdmuthe_benigna_ebersdorf,#nikolaus_ludwig_zinzendorf
#erdmuthe_benigna_ebersdorf,#nikolaus_ludwig_zinzendorf
#erdmuthe_benigna_ebersdorf,#nikolaus_ludwig_zinzendorf
#erdmuthe_benigna_ebersdorf,#nikolaus_ludwig_zinzendorf
#erdmuthe_benigna_ebersdorf,#nikolaus_ludwig_zinzendorf
#erdmuthe_benigna_ebersdorf,#nikolaus_ludwig_zinzendorf
#erdmuthe_benigna_ebersdorf,#nikolaus_ludwig_zinzendorf
#erdmuthe_benigna_ebersdorf,#nikolaus_ludwig_zinzendorf
#erdmuthe_benigna_ebersdorf,#nikolaus_ludwig_zinzendorf
#erdmuthe_benigna_ebersdorf,#nikolaus_ludwig_zinzendorf
#erdmuthe_benigna_ebersdorf,#nikolaus_ludwig_zinzendorf
#erdmuthe_benigna_ebersdorf,#nikolaus_ludwig_zinzendorf
#nikolaus_ludwig_zinzendorf,#erdmuthe_benigna_ebersdorf
#erdmuthe_benigna_ebersdorf,#nikolaus_ludwig_zinzendorf
#nikolaus_ludwig_zinzendorf,#erdmuthe_benigna_ebersdorf
#erdmuthe_benigna_ebersdorf,#nikolaus_ludwig_zinzendorf
#erdmuthe_benigna_ebersdorf,#nikolaus_ludwig_zinzendorf
#erdmuthe_benigna_ebersdorf,#nikolaus_ludwig_zinzendorf
#erdmuthe_benigna_ebersdorf,#nikolaus_ludwig_zinzendorf
#erdmuthe_benigna_ebersdorf,#nikolaus_ludwig_zinzendorf
#erdmuthe_benigna_ebersdorf,#nikolaus_ludwig_zinzendorf
#erdmuthe_benigna_ebersdorf,#nikolaus_ludwig_zinzendorf
#erdmuthe_benigna_ebersdorf,#nikolaus_ludwig_zinzendorf
#nikolaus_ludwig_zinzendorf,#erdmuthe_benigna_ebersdorf
#erdmuthe_benigna_ebersdorf,#nikolaus_ludwig_zinzendorf
#erdmuthe_benigna_ebersdorf,#nikolaus_ludwig_zinzendorf
#erdmuthe_benigna_ebersdorf,#nikolaus_ludwig_zinzendorf
#erdmuthe_benigna_ebersdorf,#nikolaus_ludwig_zinzendorf
#erdmuthe_benigna_ebersdorf,#nikolaus_ludwig_zinzendorf
#erdmuthe_benigna_ebersdorf,#nikolaus_ludwig_zinzendorf
#erdmuthe_benigna_ebersdorf,#nikolaus_ludwig_zinzendorf
#erdmuthe_benigna_ebersdorf,#nikolaus_ludwig_zinzendorf
#erdmuthe_benigna_ebersdorf,#nikolaus_ludwig_zinzendorf
#nikolaus_ludwig_zinzendorf,#erdmuthe_benigna_ebersdorf
#erdmuthe_benigna_ebersdorf,#nikolaus_ludwig_zinzendorf
#erdmuthe_benigna_ebersdorf,#nikolaus_ludwig_zinzendorf
#nikolaus_ludwig_zinzendorf,#erdmuthe_benigna_ebersdorf
#erdmuthe_benigna_ebersdorf,#nikolaus_ludwig_zinzendorf
#erdmuthe_benigna_ebersdorf,#nikolaus_ludwig_zinzendorf
#nikolaus_ludwig_zinzendorf,#erdmuthe_benigna_ebersdorf
#erdmuthe_benigna_ebersdorf,#nikolaus_ludwig_zinzendorf
#erdmuthe_benigna_ebersdorf,#nikolaus_ludwig_zinzendorf
#erdmuthe_benigna_ebersdorf,#nikolaus_ludwig_zinzendorf
#erdmuthe_benigna_ebersdorf,#nikolaus_ludwig_zinzendorf
#erdmuthe_benigna_ebersdorf,#nikolaus_ludwig_zinzendorf
#erdmuthe_benigna_ebersdorf,#nikolaus_ludwig_zinzendorf
#erdmuthe_benigna_ebersdorf,#nikolaus_ludwig_zinzendorf
#erdmuthe_benigna_ebersdorf,#nikolaus_ludwig_zinzendorf
#erdmuthe_benigna_ebersdorf,#nikolaus_ludwig_zinzendorf
#erdmuthe_benigna_ebersdorf,#nikolaus_ludwig_zinzendorf
#erdmuthe_benigna_ebersdorf,#nikolaus_ludwig_zinzendorf
#nikolaus_ludwig_zinzendorf,#erdmuthe_benigna_ebersdorf
#erdmuthe_benigna_ebersdorf,#nikolaus_ludwig_zinzendorf
#erdmuthe_benigna_ebersdorf,#nikolaus_ludwig_zinzendorf
#erdmuthe_benigna_ebersdorf,#nikolaus_ludwig_zinzendorf
#nikolaus_ludwig_zinzendorf,#erdmuthe_benigna_ebersdorf
#erdmuthe_benigna_ebersdorf,#nikolaus_ludwig_zinzendorf
#erdmuthe_benigna_ebersdorf,#nikolaus_ludwig_zinzendorf
#erdmuthe_benigna_ebersdorf,#nikolaus_ludwig_zinzendorf
#erdmuthe_benigna_ebersdorf,#nikolaus_ludwig_zinzendorf
#erdmuthe_benigna_ebersdorf,#nikolaus_ludwig_zinzendorf
#erdmuthe_benigna_ebersdorf,#nikolaus_ludwig_zinzendorf
#erdmuthe_benigna_ebersdorf,#nikolaus_ludwig_zinzendorf
#erdmuthe_benigna_ebersdorf,#nikolaus_ludwig_zinzendorf
#nikolaus_ludwig_zinzendorf,#erdmuthe_benigna_ebersdorf
#erdmuthe_benigna_ebersdorf,#nikolaus_ludwig_zinzendorf
#erdmuthe_benigna_ebersdorf,#nikolaus_ludwig_zinzendorf
#erdmuthe_benigna_ebersdorf,#nikolaus_ludwig_zinzendorf
#erdmuthe_benigna_ebersdorf,#nikolaus_ludwig_zinzendorf
#erdmuthe_benigna_ebersdorf,#nikolaus_ludwig_zinzendorf
#erdmuthe_benigna_ebersdorf,#nikolaus_ludwig_zinzendorf
#erdmuthe_benigna_ebersdorf,#nikolaus_ludwig_zinzendorf
#erdmuthe_benigna_ebersdorf,#nikolaus_ludwig_zinzendorf
#erdmuthe_benigna_ebersdorf,#nikolaus_ludwig_zinzendorf
#erdmuthe_benigna_ebersdorf,#nikolaus_ludwig_zinzendorf
#erdmuthe_benigna_ebersdorf,#nikolaus_ludwig_zinzendorf
#erdmuthe_benigna_ebersdorf,#nikolaus_ludwig_zinzendorf
#erdmuthe_benigna_ebersdorf,#nikolaus_ludwig_zinzendorf
#erdmuthe_benigna_ebersdorf,#nikolaus_ludwig_zinzendorf
#erdmuthe_benigna_ebersdorf,#nikolaus_ludwig_zinzendorf
#erdmuthe_benigna_ebersdorf,#nikolaus_ludwig_zinzendorf
#erdmuthe_benigna_ebersdorf,#nikolaus_ludwig_zinzendorf
#erdmuthe_benigna_ebersdorf,#nikolaus_ludwig_zinzendorf
#erdmuthe_benigna_ebersdorf,#nikolaus_ludwig_zinzendorf
#erdmuthe_benigna_ebersdorf,#nikolaus_ludwig_zinzendorf
#erdmuthe_benigna_ebersdorf,#nikolaus_ludwig_zinzendorf
#erdmuthe_benigna_ebersdorf,#nikolaus_ludwig_zinzendorf
#erdmuthe_benigna_ebersdorf,#nikolaus_ludwig_zinzendorf
#erdmuthe_benigna_ebersdorf,#nikolaus_ludwig_zinzendorf
#erdmuthe_benigna_ebersdorf,#nikolaus_ludwig_zinzendorf
#erdmuthe_benigna_ebersdorf,#nikolaus_ludwig_zinzendorf
#erdmuthe_benigna_ebersdorf,#nikolaus_ludwig_zinzendorf
#erdmuthe_benigna_ebersdorf,#nikolaus_ludwig_zinzendorf
#nikolaus_ludwig_zinzendorf,#erdmuthe_benigna_ebersdorf
#erdmuthe_benigna_ebersdorf,#nikolaus_ludwig_zinzendorf
#erdmuthe_benigna_ebersdorf,#nikolaus_ludwig_zinzendorf
#erdmuthe_benigna_ebersdorf,#nikolaus_ludwig_zinzendorf
#erdmuthe_benigna_ebersdorf,#nikolaus_ludwig_zinzendorf
#erdmuthe_benigna_ebersdorf,#nikolaus_ludwig_zinzendorf
#erdmuthe_benigna_ebersdorf,#nikolaus_ludwig_zinzendorf
#erdmuthe_benigna_ebersdorf,#nikolaus_ludwig_zinzendorf
#erdmuthe_benigna_ebersdorf,#nikolaus_ludwig_zinzendorf
#erdmuthe_benigna_ebersdorf,#nikolaus_ludwig_zinzendorf
#erdmuthe_benigna_ebersdorf,#nikolaus_ludwig_zinzendorf
#erdmuthe_benigna_ebersdorf,#nikolaus_ludwig_zinzendorf
#nikolaus_ludwig_zinzendorf,#erdmuthe_benigna_ebersdorf
#erdmuthe_benigna_ebersdorf,#nikolaus_ludwig_zinzendorf
#nikolaus_ludwig_zinzendorf,#erdmuthe_benigna_ebersdorf
#erdmuthe_benigna_ebersdorf,#nikolaus_ludwig_zinzendorf
#erdmuthe_benigna_ebersdorf,#nikolaus_ludwig_zinzendorf
#erdmuthe_benigna_ebersdorf,#nikolaus_ludwig_zinzendorf
#erdmuthe_benigna_ebersdorf,#nikolaus_ludwig_zinzendorf
#erdmuthe_benigna_ebersdorf,#nikolaus_ludwig_zinzendorf
#erdmuthe_benigna_ebersdorf,#nikolaus_ludwig_zinzendorf
#erdmuthe_benigna_ebersdorf,#nikolaus_ludwig_zinzendorf
#erdmuthe_benigna_ebersdorf,#nikolaus_ludwig_zinzendorf
#nikolaus_ludwig_zinzendorf,#erdmuthe_benigna_ebersdorf
#erdmuthe_benigna_ebersdorf,#nikolaus_ludwig_zinzendorf
#nikolaus_ludwig_zinzendorf,#erdmuthe_benigna_ebersdorf
#erdmuthe_benigna_ebersdorf,#nikolaus_ludwig_zinzendorf
#erdmuthe_benigna_ebersdorf,#nikolaus_ludwig_zinzendorf
#erdmuthe_benigna_ebersdorf,#nikolaus_ludwig_zinzendorf
#erdmuthe_benigna_ebersdorf,#nikolaus_ludwig_zinzendorf
#erdmuthe_benigna_ebersdorf,#nikolaus_ludwig_zinzendorf
#erdmuthe_benigna_ebersdorf,#nikolaus_ludwig_zinzendorf
#erdmuthe_benigna_ebersdorf,#nikolaus_ludwig_zinzendorf
#erdmuthe_benigna_ebersdorf,#nikolaus_ludwig_zinzendorf
#erdmuthe_benigna_ebersdorf,#nikolaus_ludwig_zinzendorf
#nikolaus_ludwig_zinzendorf,#erdmuthe_benigna_ebersdorf
#erdmuthe_benigna_ebersdorf,#nikolaus_ludwig_zinzendorf
#nikolaus_ludwig_zinzendorf,#erdmuthe_benigna_ebersdorf
#erdmuthe_benigna_ebersdorf,#nikolaus_ludwig_zinzendorf
#nikolaus_ludwig_zinzendorf,#erdmuthe_benigna_ebersdorf
#erdmuthe_benigna_ebersdorf,#nikolaus_ludwig_zinzendorf
#erdmuthe_benigna_ebersdorf,#nikolaus_ludwig_zinzendorf
#nikolaus_ludwig_zinzendorf,#erdmuthe_benigna_ebersdorf
#erdmuthe_benigna_ebersdorf,#nikolaus_ludwig_zinzendorf
#erdmuthe_benigna_ebersdorf,#nikolaus_ludwig_zinzendorf
#erdmuthe_benigna_ebersdorf,#nikolaus_ludwig_zinzendorf
#nikolaus_ludwig_zinzendorf,#erdmuthe_benigna_ebersdorf
#nikolaus_ludwig_zinzendorf,#erdmuthe_benigna_ebersdorf
#nikolaus_ludwig_zinzendorf,#erdmuthe_benigna_ebersdorf
#erdmuthe_benigna_ebersdorf,#nikolaus_ludwig_zinzendorf
#nikolaus_ludwig_zinzendorf,#erdmuthe_benigna_ebersdorf
#erdmuthe_benigna_ebersdorf,#nikolaus_ludwig_zinzendorf
#erdmuthe_benigna_ebersdorf,#nikolaus_ludwig_zinzendorf
#nikolaus_ludwig_zinzendorf,#erdmuthe_benigna_ebersdorf
#erdmuthe_benigna_ebersdorf,#nikolaus_ludwig_zinzendorf
#erdmuthe_benigna_ebersdorf,#nikolaus_ludwig_zinzendorf
#erdmuthe_benigna_ebersdorf,#nikolaus_ludwig_zinzendorf
#erdmuthe_benigna_ebersdorf,#nikolaus_ludwig_zinzendorf
#erdmuthe_benigna_ebersdorf,#nikolaus_ludwig_zinzendorf
#nikolaus_ludwig_zinzendorf,#erdmuthe_benigna_ebersdorf
#erdmuthe_benigna_ebersdorf,#nikolaus_ludwig_zinzendorf
#erdmuthe_benigna_ebersdorf,#nikolaus_ludwig_zinzendorf
#nikolaus_ludwig_zinzendorf,#erdmuthe_benigna_ebersdorf
#nikolaus_ludwig_zinzendorf,#erdmuthe_benigna_ebersdorf
#erdmuthe_benigna_ebersdorf,#nikolaus_ludwig_zinzendorf
#erdmuthe_benigna_ebersdorf,#nikolaus_ludwig_zinzendorf
#erdmuthe_benigna_ebersdorf,#nikolaus_ludwig_zinzendorf
#erdmuthe_benigna_ebersdorf,#nikolaus_ludwig_zinzendorf
#erdmuthe_benigna_ebersdorf,#nikolaus_ludwig_zinzendorf
#erdmuthe_benigna_ebersdorf,#nikolaus_ludwig_zinzendorf
#erdmuthe_benigna_ebersdorf,#nikolaus_ludwig_zinzendorf
#erdmuthe_benigna_ebersdorf,#nikolaus_ludwig_zinzendorf
#erdmuthe_benigna_ebersdorf,#nikolaus_ludwig_zinzendorf
#erdmuthe_benigna_ebersdorf,#nikolaus_ludwig_zinzendorf
#nikolaus_ludwig_zinzendorf,#erdmuthe_benigna_ebersdorf
#nikolaus_ludwig_zinzendorf,#erdmuthe_benigna_ebersdorf
#erdmuthe_benigna_ebersdorf,#nikolaus_ludwig_zinzendorf
#erdmuthe_benigna_ebersdorf,#nikolaus_ludwig_zinzendorf
#nikolaus_ludwig_zinzendorf,#erdmuthe_benigna_ebersdorf
#erdmuthe_benigna_ebersdorf,#nikolaus_ludwig_zinzendorf
#erdmuthe_benigna_ebersdorf,#nikolaus_ludwig_zinzendorf
#erdmuthe_benigna_ebersdorf,#nikolaus_ludwig_zinzendorf
#erdmuthe_benigna_ebersdorf,#nikolaus_ludwig_zinzendorf
#erdmuthe_benigna_ebersdorf,#nikolaus_ludwig_zinzendorf
#erdmuthe_benigna_ebersdorf,#nikolaus_ludwig_zinzendorf
#erdmuthe_benigna_ebersdorf,#nikolaus_ludwig_zinzendorf
#erdmuthe_benigna_ebersdorf,#nikolaus_ludwig_zinzendorf
#nikolaus_ludwig_zinzendorf,#erdmuthe_benigna_ebersdorf
#nikolaus_ludwig_zinzendorf,#erdmuthe_benigna_ebersdorf
#erdmuthe_benigna_ebersdorf,#nikolaus_ludwig_zinzendorf
#erdmuthe_benigna_ebersdorf,#nikolaus_ludwig_zinzendorf
#erdmuthe_benigna_ebersdorf,#nikolaus_ludwig_zinzendorf
#erdmuthe_benigna_ebersdorf,#nikolaus_ludwig_zinzendorf
#erdmuthe_benigna_ebersdorf,#nikolaus_ludwig_zinzendorf
#erdmuthe_benigna_ebersdorf,#nikolaus_ludwig_zinzendorf
#erdmuthe_benigna_ebersdorf,#nikolaus_ludwig_zinzendorf
#erdmuthe_benigna_ebersdorf,#nikolaus_ludwig_zinzendorf
#erdmuthe_benigna_ebersdorf,#nikolaus_ludwig_zinzendorf
#erdmuthe_benigna_ebersdorf,#nikolaus_ludwig_zinzendorf
#sophie_elisabeth_untergreiz,#erdmuthe_benigna_ebersdorf
#erdmuthe_benigna_ebersdorf,#sophie_elisabeth_untergreiz
#erdmuthe_benigna_ebersdorf,#sophie_elisabeth_untergreiz
#erdmuthe_benigna_ebersdorf,#heinrichxi_schleiz
#erdmuthe_benigna_ebersdorf,#heinrichxi_schleiz
#heinrichxi_schleiz,#heinrichxxiv_koestritz
#heinrichxi_schleiz,#heinrichxxiv_koestritz
#erdmuthe_benigna_ebersdorf,#heinrichxi_schleiz
#erdmuthe_benigna_ebersdorf,#heinrichxi_schleiz
#heinrichxi_schleiz,#erdmuthe_benigna_ebersdorf
#erdmuthe_benigna_ebersdorf,#heinrichxi_schleiz
#heinrichxxiv_koestritz,#heinrichxi_schleiz
#erdmuthe_benigna_ebersdorf,#heinrichxi_schleiz
#erdmuthe_benigna_ebersdorf,#heinrichxi_schleiz
#erdmuthe_benigna_ebersdorf,#heinrichxi_schleiz
#erdmuthe_benigna_ebersdorf,#heinrichxi_schleiz
#erdmuthe_benigna_ebersdorf,#heinrichxi_schleiz
#erdmuthe_benigna_ebersdorf,#heinrichxi_schleiz
#erdmuthe_benigna_ebersdorf,#heinrichxi_schleiz
#erdmuthe_benigna_ebersdorf,#heinrichxi_schleiz
#erdmuthe_benigna_ebersdorf,#heinrichxi_schleiz
#erdmuthe_benigna_ebersdorf,#heinrichxi_schleiz
#erdmuthe_benigna_ebersdorf,#heinrichxi_schleiz
#heinrichxi_schleiz,#gem_konsistorium_gera
#heinrichxi_schleiz,#erdmuthe_benigna_ebersdorf
#heinrichxxiv_koestritz,#heinrichxi_schleiz
#erdmuthe_benigna_ebersdorf,#heinrichxi_schleiz
#erdmuthe_benigna_ebersdorf,#heinrich_solms
#erdmuthe_benigna_ebersdorf,#kinder_heinrichxxiv_koestritz
#erdmuthe_benigna_ebersdorf,#kinder_heinrichxxiv_koestritz
#erdmuthe_benigna_ebersdorf,#kinder_heinrichxxiv_koestritz
#erdmuthe_benigna_ebersdorf,#kinder_heinrichxxiv_koestritz
#erdmuthe_benigna_ebersdorf,#kinder_heinrichxxiv_koestritz
#erdmuthe_benigna_ebersdorf,#kinder_heinrichxxiv_koestritz
#erdmuthe_benigna_ebersdorf,#kinder_heinrichxxiv_koestritz
#erdmuthe_benigna_ebersdorf,#kinder_heinrichxxiv_koestritz
#erdmuthe_benigna_ebersdorf,#kinder_heinrichxxiv_koestritz
#erdmuthe_benigna_ebersdorf,#kinder_heinrichxxiv_koestritz
#erdmuthe_benigna_ebersdorf,#kinder_heinrichxxiv_koestritz
#erdmuthe_benigna_ebersdorf,#kinder_heinrichxxiv_koestritz
#erdmuthe_benigna_ebersdorf,#kinder_heinrichxxiv_koestritz
#erdmuthe_benigna_ebersdorf,#kinder_heinrichxxiv_koestritz
#erdmuthe_benigna_ebersdorf,#kinder_heinrichxxiv_koestritz
#kinder_heinrichxxiv_koestritz,#heinrichxxiv_koestritz
#erdmuthe_benigna_ebersdorf,#kinder_heinrichxxiv_koestritz
#erdmuthe_benigna_ebersdorf,#kinder_heinrichxxiv_koestritz
#erdmuthe_benigna_ebersdorf,#kinder_heinrichxxiv_koestritz
#erdmuthe_benigna_ebersdorf,#kinder_heinrichxxiv_koestritz
#erdmuthe_benigna_ebersdorf,#kinder_heinrichxxiv_koestritz
#erdmuthe_benigna_ebersdorf,#kinder_heinrichxxiv_koestritz
#erdmuthe_benigna_ebersdorf,#heinrichxv_lobenstein
#erdmuthe_benigna_ebersdorf,#heinrichxv_lobenstein
#erdmuthe_benigna_ebersdorf,#heinrichxv_lobenstein
#erdmuthe_benigna_ebersdorf,#heinrichxv_lobenstein
#heinrichxv_lobenstein,#erdmuthe_benigna_ebersdorf
#heinrichxv_lobenstein,#erdmuthe_benigna_ebersdorf
#heinrichxv_lobenstein,#erdmuthe_benigna_ebersdorf
#erdmuthe_benigna_ebersdorf,#heinrichxv_lobenstein
#erdmuthe_benigna_ebersdorf,#heinrichxv_lobenstein
#erdmuthe_benigna_ebersdorf,#heinrichxv_lobenstein
#erdmuthe_benigna_ebersdorf,#heinrichxv_lobenstein
#erdmuthe_benigna_ebersdorf,#heinrichxv_lobenstein
#heinrichxv_lobenstein,#erdmuthe_benigna_ebersdorf
#heinrichxv_lobenstein,#heinrichxxiv_koestritz
#heinrichxv_lobenstein,#erdmuthe_benigna_ebersdorf
#erdmuthe_benigna_ebersdorf,#heinrichxv_lobenstein
#erdmuthe_benigna_ebersdorf,#gem_konsistorium_gera
#erdmuthe_benigna_ebersdorf,#gem_konsistorium_gera
#erdmuthe_benigna_ebersdorf,#gem_konsistorium_gera
#erdmuthe_benigna_ebersdorf,#gem_konsistorium_gera
#erdmuthe_benigna_ebersdorf,#gem_konsistorium_gera
#erdmuthe_benigna_ebersdorf,#gem_konsistorium_gera
#erdmuthe_benigna_ebersdorf,#gem_konsistorium_gera
#erdmuthe_benigna_ebersdorf,#gem_konsistorium_gera
#gem_konsistorium_gera,#erdmuthe_benigna_ebersdorf
#erdmuthe_benigna_ebersdorf,#marie_eleonore_koestritz
#erdmuthe_benigna_ebersdorf,#marie_eleonore_koestritz
#erdmuthe_benigna_ebersdorf,#marie_eleonore_koestritz
#erdmuthe_benigna_ebersdorf,#marie_eleonore_koestritz
#erdmuthe_benigna_ebersdorf,#marie_eleonore_koestritz
#erdmuthe_benigna_ebersdorf,#marie_eleonore_koestritz
#erdmuthe_benigna_ebersdorf,#marie_eleonore_koestritz
#erdmuthe_benigna_ebersdorf,#marie_eleonore_koestritz
#erdmuthe_benigna_ebersdorf,#marie_eleonore_koestritz
#erdmuthe_benigna_ebersdorf,#marie_eleonore_koestritz
#erdmuthe_benigna_ebersdorf,#marie_eleonore_koestritz
#erdmuthe_benigna_ebersdorf,#marie_eleonore_koestritz
#erdmuthe_benigna_ebersdorf,#marie_eleonore_koestritz
#erdmuthe_benigna_ebersdorf,#marie_eleonore_koestritz
#erdmuthe_benigna_ebersdorf,#marie_eleonore_koestritz
#erdmuthe_benigna_ebersdorf,#marie_eleonore_koestritz
#erdmuthe_benigna_ebersdorf,#marie_eleonore_koestritz
#erdmuthe_benigna_ebersdorf,#marie_eleonore_koestritz
#erdmuthe_benigna_ebersdorf,#marie_eleonore_koestritz
#erdmuthe_benigna_ebersdorf,#marie_eleonore_koestritz
#erdmuthe_benigna_ebersdorf,#marie_eleonore_koestritz
#erdmuthe_benigna_ebersdorf,#marie_eleonore_koestritz
#erdmuthe_benigna_ebersdorf,#marie_eleonore_koestritz
#erdmuthe_benigna_ebersdorf,#marie_eleonore_koestritz
#erdmuthe_benigna_ebersdorf,#marie_eleonore_koestritz
#erdmuthe_benigna_ebersdorf,#marie_eleonore_koestritz
#erdmuthe_benigna_ebersdorf,#marie_eleonore_koestritz
#erdmuthe_benigna_ebersdorf,#marie_eleonore_koestritz
#erdmuthe_benigna_ebersdorf,#marie_eleonore_koestritz
#erdmuthe_benigna_ebersdorf,#marie_eleonore_koestritz
#erdmuthe_benigna_ebersdorf,#marie_eleonore_koestritz
#erdmuthe_benigna_ebersdorf,#marie_eleonore_koestritz
#erdmuthe_benigna_ebersdorf,#marie_eleonore_koestritz
#erdmuthe_benigna_ebersdorf,#marie_eleonore_koestritz
#erdmuthe_benigna_ebersdorf,#marie_eleonore_koestritz
#erdmuthe_benigna_ebersdorf,#marie_eleonore_koestritz
#erdmuthe_benigna_ebersdorf,#marie_eleonore_koestritz
#erdmuthe_benigna_ebersdorf,#marie_eleonore_koestritz
#erdmuthe_benigna_ebersdorf,#marie_eleonore_koestritz
#erdmuthe_benigna_ebersdorf,#marie_eleonore_koestritz
#erdmuthe_benigna_ebersdorf,#marie_eleonore_koestritz
#erdmuthe_benigna_ebersdorf,#marie_eleonore_koestritz
#carl_otto_solms,#marie_eleonore_koestritz
#erdmuthe_benigna_ebersdorf,#marie_eleonore_koestritz
#erdmuthe_benigna_ebersdorf,#marie_eleonore_koestritz
#erdmuthe_benigna_ebersdorf,#marie_eleonore_koestritz
#erdmuthe_benigna_ebersdorf,#marie_eleonore_koestritz
#erdmuthe_benigna_ebersdorf,#marie_eleonore_koestritz
#marie_eleonore_koestritz,#erdmuthe_benigna_ebersdorf
#erdmuthe_benigna_ebersdorf,#marie_eleonore_koestritz
#erdmuthe_benigna_ebersdorf,#marie_eleonore_koestritz
#erdmuthe_benigna_ebersdorf,#marie_eleonore_koestritz
#erdmuthe_benigna_ebersdorf,#marie_eleonore_koestritz
#erdmuthe_benigna_ebersdorf,#marie_eleonore_koestritz
#erdmuthe_benigna_ebersdorf,#marie_eleonore_koestritz
#erdmuthe_benigna_ebersdorf,#marie_eleonore_koestritz
#erdmuthe_benigna_ebersdorf,#marie_eleonore_koestritz
#erdmuthe_benigna_ebersdorf,#marie_eleonore_koestritz
#erdmuthe_benigna_ebersdorf,#marie_eleonore_koestritz
#erdmuthe_benigna_ebersdorf,#marie_eleonore_koestritz
#erdmuthe_benigna_ebersdorf,#marie_eleonore_koestritz
#erdmuthe_benigna_ebersdorf,#marie_eleonore_koestritz
#erdmuthe_benigna_ebersdorf,#marie_eleonore_koestritz
#erdmuthe_benigna_ebersdorf,#marie_eleonore_koestritz
#erdmuthe_benigna_ebersdorf,#marie_eleonore_koestritz
#erdmuthe_benigna_ebersdorf,#marie_eleonore_koestritz
#erdmuthe_benigna_ebersdorf,#marie_eleonore_koestritz
#marie_eleonore_koestritz,#erdmuthe_benigna_ebersdorf
#erdmuthe_benigna_ebersdorf,#marie_eleonore_koestritz
#erdmuthe_benigna_ebersdorf,#marie_eleonore_koestritz
#erdmuthe_benigna_ebersdorf,#marie_eleonore_koestritz
#erdmuthe_benigna_ebersdorf,#marie_eleonore_koestritz
#erdmuthe_benigna_ebersdorf,#marie_eleonore_koestritz
#erdmuthe_benigna_ebersdorf,#marie_eleonore_koestritz
#erdmuthe_benigna_ebersdorf,#marie_eleonore_koestritz
#erdmuthe_benigna_ebersdorf,#marie_eleonore_koestritz
#erdmuthe_benigna_ebersdorf,#marie_eleonore_koestritz
#erdmuthe_benigna_ebersdorf,#marie_eleonore_koestritz
#erdmuthe_benigna_ebersdorf,#marie_eleonore_koestritz
#erdmuthe_benigna_ebersdorf,#marie_eleonore_koestritz
#erdmuthe_benigna_ebersdorf,#marie_eleonore_koestritz
#erdmuthe_benigna_ebersdorf,#marie_eleonore_koestritz
#marie_eleonore_koestritz,#erdmuthe_benigna_ebersdorf
#erdmuthe_benigna_ebersdorf,#carl_otto_solms
#carl_otto_solms,#erdmuthe_benigna_ebersdorf
#carl_otto_solms,#erdmuthe_benigna_ebersdorf
#carl_otto_solms,#erdmuthe_benigna_ebersdorf
#erdmuthe_benigna_ebersdorf,#carl_otto_solms
#carl_otto_solms,#erdmuthe_benigna_ebersdorf
#carl_otto_solms,#erdmuthe_benigna_ebersdorf
#erdmuthe_benigna_ebersdorf,#carl_otto_solms
#erdmuthe_benigna_ebersdorf,#carl_otto_solms
#erdmuthe_benigna_ebersdorf,#carl_otto_solms
#erdmuthe_benigna_ebersdorf,#carl_otto_solms
#erdmuthe_benigna_ebersdorf,#carl_otto_solms
#erdmuthe_benigna_ebersdorf,#carl_otto_solms
#carl_otto_solms,#erdmuthe_benigna_ebersdorf
#erdmuthe_benigna_ebersdorf,#carl_otto_solms
#carl_otto_solms,#erdmuthe_benigna_ebersdorf
#erdmuthe_benigna_ebersdorf,#carl_otto_solms
#carl_otto_solms,#erdmuthe_benigna_ebersdorf
#carl_otto_solms,#erdmuthe_benigna_ebersdorf
#carl_otto_solms,#erdmuthe_benigna_ebersdorf
#carl_otto_solms,#erdmuthe_benigna_ebersdorf
#carl_otto_solms,#erdmuthe_benigna_ebersdorf
#erdmuthe_benigna_ebersdorf,#carl_otto_solms
#erdmuthe_benigna_ebersdorf,#carl_otto_solms
#erdmuthe_benigna_ebersdorf,#carl_otto_solms
#carl_otto_solms,#erdmuthe_benigna_ebersdorf
#carl_otto_solms,#heinrichxxiv_koestritz
#carl_otto_solms,#heinrichxxiv_koestritz
#carl_otto_solms,#heinrichxxiv_koestritz
#carl_otto_solms,#erdmuthe_benigna_ebersdorf
#carl_otto_solms,#erdmuthe_benigna_ebersdorf
#carl_otto_solms,#heinrichxxiv_koestritz
#erdmuthe_benigna_ebersdorf,#carl_otto_solms
#erdmuthe_benigna_ebersdorf,#carl_otto_solms
#carl_otto_solms,#erdmuthe_benigna_ebersdorf
#carl_otto_solms,#erdmuthe_benigna_ebersdorf
#erdmuthe_benigna_ebersdorf,#carl_otto_solms
#carl_otto_solms,#erdmuthe_benigna_ebersdorf
#erdmuthe_benigna_ebersdorf,#carl_otto_solms
#erdmuthe_benigna_ebersdorf,#carl_otto_solms
#carl_otto_solms,#erdmuthe_benigna_ebersdorf
#carl_otto_solms,#erdmuthe_benigna_ebersdorf
#carl_otto_solms,#erdmuthe_benigna_ebersdorf
#erdmuthe_benigna_ebersdorf,#carl_otto_solms
#erdmuthe_benigna_ebersdorf,#carl_otto_solms
#erdmuthe_benigna_ebersdorf,#carl_otto_solms
#carl_otto_solms,#erdmuthe_benigna_ebersdorf
#erdmuthe_benigna_ebersdorf,#carl_otto_solms
#erdmuthe_benigna_ebersdorf,#carl_otto_solms
#carl_otto_solms,#erdmuthe_benigna_ebersdorf
#erdmuthe_benigna_ebersdorf,#carl_otto_solms
#erdmuthe_benigna_ebersdorf,#friedrich_ernst_solms
#friedrich_ernst_solms,#erdmuthe_benigna_ebersdorf
#erdmuthe_benigna_ebersdorf,#friedrich_ernst_solms
#friedrich_ernst_solms,#erdmuthe_benigna_ebersdorf
#erdmuthe_benigna_ebersdorf,#friedrich_ernst_solms
#friedrich_ernst_solms,#erdmuthe_benigna_ebersdorf
#erdmuthe_benigna_ebersdorf,#friedrich_ernst_solms
#heinrichx_ebersdorf,#heinrichxxiv_koestritz
#heinrichx_ebersdorf,#heinrichxxiv_koestritz
#heinrichxxiv_koestritz,#heinrichx_ebersdorf
#heinrichx_ebersdorf,#heinrichxxiv_koestritz
#heinrichx_ebersdorf,#heinrichxxiv_koestritz
#heinrichx_ebersdorf,#heinrichxiii_untergreiz
#heinrichx_ebersdorf,#heinrichxxiv_koestritz
#erdmuthe_benigna_ebersdorf,#heinrichxiii_untergreiz
#erdmuthe_benigna_ebersdorf,#heinrichxxiv_koestritz
#erdmuthe_benigna_ebersdorf,#heinrichxxiv_koestritz
#erdmuthe_benigna_ebersdorf,#heinrichxxiv_koestritz
#erdmuthe_benigna_ebersdorf,#heinrichxxiv_koestritz
#erdmuthe_benigna_ebersdorf,#heinrichxxiv_koestritz
#erdmuthe_benigna_ebersdorf,#heinrichxxiv_koestritz
#erdmuthe_benigna_ebersdorf,#heinrichxxiv_koestritz
#erdmuthe_benigna_ebersdorf,#heinrichxxiv_koestritz
#erdmuthe_benigna_ebersdorf,#heinrichxxiv_koestritz
#heinrichxxiv_koestritz,#erdmuthe_benigna_ebersdorf
#erdmuthe_benigna_ebersdorf,#heinrichxxiv_koestritz
#erdmuthe_benigna_ebersdorf,#heinrichxxiv_koestritz
#erdmuthe_benigna_ebersdorf,#heinrichxxiv_koestritz
#erdmuthe_benigna_ebersdorf,#heinrichxxiv_koestritz
#erdmuthe_benigna_ebersdorf,#heinrichxxiv_koestritz
#erdmuthe_benigna_ebersdorf,#heinrichxxiv_koestritz
#erdmuthe_benigna_ebersdorf,#heinrichxxiv_koestritz
#erdmuthe_benigna_ebersdorf,#heinrichxxiv_koestritz
#erdmuthe_benigna_ebersdorf,#heinrichxxiv_koestritz
#erdmuthe_benigna_ebersdorf,#heinrichxxiv_koestritz
#erdmuthe_benigna_ebersdorf,#heinrichxxiv_koestritz
#erdmuthe_benigna_ebersdorf,#heinrichxxiv_koestritz
#erdmuthe_benigna_ebersdorf,#heinrichxxiv_koestritz
#erdmuthe_benigna_ebersdorf,#heinrichxxiv_koestritz
#erdmuthe_benigna_ebersdorf,#heinrichxxiv_koestritz
#heinrichxxiv_koestritz,#erdmuthe_benigna_ebersdorf
#erdmuthe_benigna_ebersdorf,#heinrichxxiv_koestritz
#erdmuthe_benigna_ebersdorf,#heinrichxxiv_koestritz
#erdmuthe_benigna_ebersdorf,#heinrichxxiv_koestritz
#erdmuthe_benigna_ebersdorf,#heinrichxxiv_koestritz
#erdmuthe_benigna_ebersdorf,#heinrichxxiv_koestritz
#erdmuthe_benigna_ebersdorf,#heinrichxxiv_koestritz
#erdmuthe_benigna_ebersdorf,#heinrichxxiv_koestritz
#erdmuthe_benigna_ebersdorf,#heinrichxxiv_koestritz
#erdmuthe_benigna_ebersdorf,#heinrichxxiv_koestritz
#erdmuthe_benigna_ebersdorf,#heinrichxxiv_koestritz
#erdmuthe_benigna_ebersdorf,#heinrichxxiv_koestritz
#erdmuthe_benigna_ebersdorf,#heinrichxxiv_koestritz
#erdmuthe_benigna_ebersdorf,#heinrichxxiv_koestritz
#erdmuthe_benigna_ebersdorf,#heinrichxxiv_koestritz
#erdmuthe_benigna_ebersdorf,#heinrichxxiv_koestritz
#erdmuthe_benigna_ebersdorf,#heinrichxxiv_koestritz
#erdmuthe_benigna_ebersdorf,#heinrichxxiv_koestritz
#erdmuthe_benigna_ebersdorf,#heinrichxxiv_koestritz
#erdmuthe_benigna_ebersdorf,#heinrichxxiv_koestritz
#erdmuthe_benigna_ebersdorf,#heinrichxxiv_koestritz
#erdmuthe_benigna_ebersdorf,#heinrichxxiv_koestritz
#heinrichxxiv_koestritz,#erdmuthe_benigna_ebersdorf
#heinrichxxiv_koestritz,#erdmuthe_benigna_ebersdorf
#erdmuthe_benigna_ebersdorf,#heinrichxxiv_koestritz
#erdmuthe_benigna_ebersdorf,#heinrichxxiv_koestritz
#erdmuthe_benigna_ebersdorf,#heinrichxxiv_koestritz
#erdmuthe_benigna_ebersdorf,#heinrichxxiv_koestritz
#erdmuthe_benigna_ebersdorf,#heinrichxxiv_koestritz
#heinrichxxiv_koestritz,#erdmuthe_benigna_ebersdorf
#erdmuthe_benigna_ebersdorf,#heinrichxxiv_koestritz
#erdmuthe_benigna_ebersdorf,#heinrichxxiv_koestritz
#erdmuthe_benigna_ebersdorf,#heinrichxxiv_koestritz
#heinrichxxiv_koestritz,#erdmuthe_benigna_ebersdorf
#erdmuthe_benigna_ebersdorf,#heinrichxxiv_koestritz
#erdmuthe_benigna_ebersdorf,#heinrichxxiv_koestritz
#erdmuthe_benigna_ebersdorf,#heinrichxxiv_koestritz
#heinrichxxiv_koestritz,#erdmuthe_benigna_ebersdorf
#heinrichxxiv_koestritz,#erdmuthe_benigna_ebersdorf
#erdmuthe_benigna_ebersdorf,#heinrichxxiv_koestritz
#erdmuthe_benigna_ebersdorf,#heinrichxxiv_koestritz
#erdmuthe_benigna_ebersdorf,#heinrichxxiv_koestritz
#erdmuthe_benigna_ebersdorf,#heinrichxxiv_koestritz
#erdmuthe_benigna_ebersdorf,#heinrichxxiv_koestritz
#erdmuthe_benigna_ebersdorf,#heinrichxxiv_koestritz
#erdmuthe_benigna_ebersdorf,#heinrichxxiv_koestritz
#erdmuthe_benigna_ebersdorf,#heinrichxxiv_koestritz
#erdmuthe_benigna_ebersdorf,#heinrichxxiv_koestritz
#erdmuthe_benigna_ebersdorf,#heinrichxxiv_koestritz
#erdmuthe_benigna_ebersdorf,#heinrichxxiv_koestritz
#erdmuthe_benigna_ebersdorf,#heinrichxxiv_koestritz
#erdmuthe_benigna_ebersdorf,#heinrichxxiv_koestritz
#heinrichxxiv_koestritz,#erdmuthe_benigna_ebersdorf
#heinrichxxiv_koestritz,#erdmuthe_benigna_ebersdorf
#erdmuthe_benigna_ebersdorf,#heinrichxxiv_koestritz
#erdmuthe_benigna_ebersdorf,#heinrichxxiv_koestritz
#heinrichxxiv_koestritz,#erdmuthe_benigna_ebersdorf
#erdmuthe_benigna_ebersdorf,#heinrichxxiv_koestritz
#erdmuthe_benigna_ebersdorf,#heinrichxxiv_koestritz
#erdmuthe_benigna_ebersdorf,#heinrichxxiv_koestritz
#erdmuthe_benigna_ebersdorf,#heinrichxxiv_koestritz
#erdmuthe_benigna_ebersdorf,#heinrichxxiv_koestritz
#erdmuthe_benigna_ebersdorf,#heinrichxxiv_koestritz
#erdmuthe_benigna_ebersdorf,#heinrichxxiv_koestritz
#erdmuthe_benigna_ebersdorf,#heinrichxxiv_koestritz
#heinrichxxiv_koestritz,#erdmuthe_benigna_ebersdorf
#erdmuthe_benigna_ebersdorf,#heinrichxxiv_koestritz
#erdmuthe_benigna_ebersdorf,#heinrichxxiv_koestritz
#erdmuthe_benigna_ebersdorf,#heinrichxxiv_koestritz
#erdmuthe_benigna_ebersdorf,#heinrichxxiv_koestritz
#heinrichxxiv_koestritz,#erdmuthe_benigna_ebersdorf
#erdmuthe_benigna_ebersdorf,#heinrichxxiv_koestritz
#erdmuthe_benigna_ebersdorf,#heinrichxxiv_koestritz
#heinrichxxiv_koestritz,#erdmuthe_benigna_ebersdorf
#erdmuthe_benigna_ebersdorf,#heinrichxxiv_koestritz
#erdmuthe_benigna_ebersdorf,#heinrichxxiv_koestritz
#erdmuthe_benigna_ebersdorf,#heinrichxxiv_koestritz
#heinrichxxiv_koestritz,#erdmuthe_benigna_ebersdorf
#heinrichxxiv_koestritz,#erdmuthe_benigna_ebersdorf
#erdmuthe_benigna_ebersdorf,#heinrichxxiv_koestritz
#erdmuthe_benigna_ebersdorf,#heinrichxxiv_koestritz
#erdmuthe_benigna_ebersdorf,#heinrichxxiv_koestritz
#erdmuthe_benigna_ebersdorf,#heinrichxxiv_koestritz
#erdmuthe_benigna_ebersdorf,#heinrichxxiv_koestritz
#erdmuthe_benigna_ebersdorf,#heinrichxxiv_koestritz
#erdmuthe_benigna_ebersdorf,#heinrichxxiv_koestritz
#erdmuthe_benigna_ebersdorf,#heinrichxxiv_koestritz
#erdmuthe_benigna_ebersdorf,#heinrichxxiv_koestritz
#erdmuthe_benigna_ebersdorf,#heinrichxxiv_koestritz
#heinrichxxiv_koestritz,#erdmuthe_benigna_ebersdorf
#erdmuthe_benigna_ebersdorf,#heinrichxxiv_koestritz
#heinrichxxiv_koestritz,#erdmuthe_benigna_ebersdorf
#erdmuthe_benigna_ebersdorf,#heinrichxxiv_koestritz
#erdmuthe_benigna_ebersdorf,#heinrichxxiv_koestritz
#erdmuthe_benigna_ebersdorf,#heinrichxxiv_koestritz
#erdmuthe_benigna_ebersdorf,#heinrichxxiv_koestritz
#heinrichxxiv_koestritz,#erdmuthe_benigna_ebersdorf
#erdmuthe_benigna_ebersdorf,#heinrichxxiv_koestritz
#erdmuthe_benigna_ebersdorf,#heinrichxxiv_koestritz
#erdmuthe_benigna_ebersdorf,#heinrichxxiv_koestritz
#erdmuthe_benigna_ebersdorf,#heinrichxxiv_koestritz
#erdmuthe_benigna_ebersdorf,#heinrichxxiv_koestritz
#erdmuthe_benigna_ebersdorf,#heinrichxxiv_koestritz
#erdmuthe_benigna_ebersdorf,#heinrichxxiv_koestritz
#erdmuthe_benigna_ebersdorf,#heinrichxxiv_koestritz
#erdmuthe_benigna_ebersdorf,#heinrichxxiv_koestritz
#erdmuthe_benigna_ebersdorf,#heinrichxxiv_koestritz
#erdmuthe_benigna_ebersdorf,#heinrichxxiv_koestritz
#heinrichxxiv_koestritz,#erdmuthe_benigna_ebersdorf
#erdmuthe_benigna_ebersdorf,#heinrichxxiv_koestritz
#erdmuthe_benigna_ebersdorf,#heinrichxxiv_koestritz
#erdmuthe_benigna_ebersdorf,#heinrichxxiv_koestritz
#heinrichxxiv_koestritz,#erdmuthe_benigna_ebersdorf
#erdmuthe_benigna_ebersdorf,#heinrichxxiv_koestritz
#erdmuthe_benigna_ebersdorf,#heinrichxxiv_koestritz
#erdmuthe_benigna_ebersdorf,#heinrichxxiv_koestritz
#erdmuthe_benigna_ebersdorf,#heinrichxxiv_koestritz
#erdmuthe_benigna_ebersdorf,#heinrichxxiv_koestritz
#erdmuthe_benigna_ebersdorf,#heinrichxxiv_koestritz
#erdmuthe_benigna_ebersdorf,#heinrichxxiv_koestritz
#erdmuthe_benigna_ebersdorf,#heinrichxxiv_koestritz
#erdmuthe_benigna_ebersdorf,#heinrichxxiv_koestritz
#heinrichxxiv_koestritz,#erdmuthe_benigna_ebersdorf
#erdmuthe_benigna_ebersdorf,#heinrichxxiv_koestritz
#heinrichxxiv_koestritz,#erdmuthe_benigna_ebersdorf
#erdmuthe_benigna_ebersdorf,#heinrichxxiv_koestritz
#erdmuthe_benigna_ebersdorf,#heinrichxxiv_koestritz
#erdmuthe_benigna_ebersdorf,#heinrichxxiv_koestritz
#heinrichxxiv_koestritz,#erdmuthe_benigna_ebersdorf
#erdmuthe_benigna_ebersdorf,#heinrichxxiv_koestritz
#erdmuthe_benigna_ebersdorf,#heinrichxxiv_koestritz
#erdmuthe_benigna_ebersdorf,#heinrichxxiv_koestritz
#erdmuthe_benigna_ebersdorf,#heinrichxxiv_koestritz
#erdmuthe_benigna_ebersdorf,#heinrichxxiv_koestritz
#heinrichxxiv_koestritz,#erdmuthe_benigna_ebersdorf
#erdmuthe_benigna_ebersdorf,#heinrichxxiv_koestritz
#erdmuthe_benigna_ebersdorf,#heinrichxxiv_koestritz
#erdmuthe_benigna_ebersdorf,#heinrichxxiv_koestritz
#erdmuthe_benigna_ebersdorf,#heinrichxxiv_koestritz
#erdmuthe_benigna_ebersdorf,#heinrichxxiv_koestritz
#erdmuthe_benigna_ebersdorf,#heinrichxxiv_koestritz
#erdmuthe_benigna_ebersdorf,#heinrichxxiv_koestritz
#erdmuthe_benigna_ebersdorf,#heinrichxxiv_koestritz
#erdmuthe_benigna_ebersdorf,#heinrichxxiv_koestritz
#erdmuthe_benigna_ebersdorf,#heinrichxxiv_koestritz
#erdmuthe_benigna_ebersdorf,#heinrichxxiv_koestritz
#erdmuthe_benigna_ebersdorf,#heinrichxxiv_koestritz
#erdmuthe_benigna_ebersdorf,#heinrichxxiv_koestritz
#erdmuthe_benigna_ebersdorf,#heinrichxxiv_koestritz
#erdmuthe_benigna_ebersdorf,#heinrichxxiv_koestritz
#erdmuthe_benigna_ebersdorf,#heinrichxxiv_koestritz
#erdmuthe_benigna_ebersdorf,#heinrichxxiv_koestritz
#erdmuthe_benigna_ebersdorf,#heinrichxxiv_koestritz
#erdmuthe_benigna_ebersdorf,#heinrichxxiv_koestritz
#erdmuthe_benigna_ebersdorf,#heinrichxxiv_koestritz
#erdmuthe_benigna_ebersdorf,#heinrichxxiv_koestritz
#erdmuthe_benigna_ebersdorf,#heinrichxxiv_koestritz
#erdmuthe_benigna_ebersdorf,#heinrichxxiv_koestritz
#erdmuthe_benigna_ebersdorf,#heinrichxxiv_koestritz
#erdmuthe_benigna_ebersdorf,#heinrichxxiv_koestritz
#erdmuthe_benigna_ebersdorf,#heinrichxxiv_koestritz
#erdmuthe_benigna_ebersdorf,#heinrichxxiv_koestritz
#erdmuthe_benigna_ebersdorf,#heinrichxxiv_koestritz
#erdmuthe_benigna_ebersdorf,#heinrichxxiv_koestritz
#erdmuthe_benigna_ebersdorf,#heinrichxxiv_koestritz
#erdmuthe_benigna_ebersdorf,#heinrichxxiv_koestritz
#erdmuthe_benigna_ebersdorf,#heinrichxxiv_koestritz
#erdmuthe_benigna_ebersdorf,#heinrichxxiv_koestritz
#erdmuthe_benigna_ebersdorf,#heinrichxxiv_koestritz
#erdmuthe_benigna_ebersdorf,#heinrichxxiv_koestritz
#heinrichxxiv_koestritz,#erdmuthe_benigna_ebersdorf
#erdmuthe_benigna_ebersdorf,#heinrichxxiv_koestritz
#erdmuthe_benigna_ebersdorf,#heinrichxxiv_koestritz
#erdmuthe_benigna_ebersdorf,#heinrichxxiv_koestritz
#erdmuthe_benigna_ebersdorf,#heinrichxxiv_koestritz
#erdmuthe_benigna_ebersdorf,#heinrichxxiv_koestritz
#erdmuthe_benigna_ebersdorf,#heinrichxxiv_koestritz
#erdmuthe_benigna_ebersdorf,#heinrichxxiv_koestritz
#erdmuthe_benigna_ebersdorf,#heinrichxxiv_koestritz
#heinrichxxiv_koestritz,#erdmuthe_benigna_ebersdorf
#heinrichxxiv_koestritz,#erdmuthe_benigna_ebersdorf
#erdmuthe_benigna_ebersdorf,#heinrichxxiv_koestritz
#erdmuthe_benigna_ebersdorf,#heinrichxxiv_koestritz
#erdmuthe_benigna_ebersdorf,#heinrichxxiv_koestritz
#erdmuthe_benigna_ebersdorf,#heinrichxxiv_koestritz
#erdmuthe_benigna_ebersdorf,#heinrichxxiv_koestritz
#erdmuthe_benigna_ebersdorf,#heinrichxxiv_koestritz
#erdmuthe_benigna_ebersdorf,#heinrichxxiv_koestritz
#erdmuthe_benigna_ebersdorf,#heinrichxxiv_koestritz
#erdmuthe_benigna_ebersdorf,#heinrichxxiv_koestritz
#erdmuthe_benigna_ebersdorf,#heinrichxxiv_koestritz
#erdmuthe_benigna_ebersdorf,#heinrichxxiv_koestritz
#erdmuthe_benigna_ebersdorf,#heinrichxxiv_koestritz
#erdmuthe_benigna_ebersdorf,#heinrichxxiv_koestritz
#heinrichxxiv_koestritz,#erdmuthe_benigna_ebersdorf
#erdmuthe_benigna_ebersdorf,#heinrichxxiv_koestritz
#erdmuthe_benigna_ebersdorf,#heinrichxxiv_koestritz
#erdmuthe_benigna_ebersdorf,#heinrichxxiv_koestritz
#erdmuthe_benigna_ebersdorf,#heinrichxxiv_koestritz
#erdmuthe_benigna_ebersdorf,#heinrichxxiv_koestritz
#erdmuthe_benigna_ebersdorf,#heinrichxxiv_koestritz
#erdmuthe_benigna_ebersdorf,#heinrichxxiv_koestritz
#erdmuthe_benigna_ebersdorf,#heinrichxxiv_koestritz
#erdmuthe_benigna_ebersdorf,#heinrichxxiv_koestritz
#erdmuthe_benigna_ebersdorf,#heinrichxxiv_koestritz
#erdmuthe_benigna_ebersdorf,#heinrichxxiv_koestritz
#erdmuthe_benigna_ebersdorf,#heinrichxxiv_koestritz
#erdmuthe_benigna_ebersdorf,#heinrichxxiv_koestritz
#erdmuthe_benigna_ebersdorf,#heinrichxxiv_koestritz
#erdmuthe_benigna_ebersdorf,#heinrichxxiv_koestritz
#erdmuthe_benigna_ebersdorf,#heinrichxxiv_koestritz
#heinrichxxiv_koestritz,#erdmuthe_benigna_ebersdorf
#erdmuthe_benigna_ebersdorf,#heinrichxxiv_koestritz
#erdmuthe_benigna_ebersdorf,#heinrichxxiv_koestritz
#erdmuthe_benigna_ebersdorf,#heinrichxxiv_koestritz
#erdmuthe_benigna_ebersdorf,#heinrichxxiv_koestritz
#heinrichxxiv_koestritz,#erdmuthe_benigna_ebersdorf
#heinrichxxiv_koestritz,#erdmuthe_benigna_ebersdorf
#erdmuthe_benigna_ebersdorf,#heinrichxxiv_koestritz
#erdmuthe_benigna_ebersdorf,#heinrichxxiv_koestritz
#erdmuthe_benigna_ebersdorf,#heinrichxxiv_koestritz
#erdmuthe_benigna_ebersdorf,#heinrichxxiv_koestritz
#erdmuthe_benigna_ebersdorf,#heinrichxxiv_koestritz
#erdmuthe_benigna_ebersdorf,#heinrichxxiv_koestritz
#erdmuthe_benigna_ebersdorf,#heinrichxxiv_koestritz
#erdmuthe_benigna_ebersdorf,#heinrichxxiv_koestritz
#erdmuthe_benigna_ebersdorf,#heinrichxxiv_koestritz
#erdmuthe_benigna_ebersdorf,#heinrichxxiv_koestritz
#erdmuthe_benigna_ebersdorf,#heinrichxxiv_koestritz
#heinrichxxiv_koestritz,#erdmuthe_benigna_ebersdorf
#erdmuthe_benigna_ebersdorf,#heinrichxxiv_koestritz
#erdmuthe_benigna_ebersdorf,#heinrichxxiv_koestritz
#erdmuthe_benigna_ebersdorf,#heinrichxxiv_koestritz
#erdmuthe_benigna_ebersdorf,#heinrichxxiv_koestritz
#erdmuthe_benigna_ebersdorf,#heinrichxxiv_koestritz
#erdmuthe_benigna_ebersdorf,#heinrichxxiv_koestritz
#erdmuthe_benigna_ebersdorf,#heinrichxxiv_koestritz
#heinrichxxiv_koestritz,#erdmuthe_benigna_ebersdorf
#erdmuthe_benigna_ebersdorf,#heinrichxxiv_koestritz
#erdmuthe_benigna_ebersdorf,#heinrichxxiv_koestritz
#erdmuthe_benigna_ebersdorf,#heinrichxxiv_koestritz
#heinrichxxiv_koestritz,#erdmuthe_benigna_ebersdorf
#erdmuthe_benigna_ebersdorf,#heinrichxxiv_koestritz
#erdmuthe_benigna_ebersdorf,#heinrichxxiv_koestritz
#erdmuthe_benigna_ebersdorf,#heinrichxxiv_koestritz
#erdmuthe_benigna_ebersdorf,#heinrichxxiv_koestritz
#erdmuthe_benigna_ebersdorf,#heinrichxxiv_koestritz
#erdmuthe_benigna_ebersdorf,#heinrichxxiv_koestritz
#erdmuthe_benigna_ebersdorf,#heinrichxxiv_koestritz
#erdmuthe_benigna_ebersdorf,#heinrichxxiv_koestritz
#erdmuthe_benigna_ebersdorf,#heinrichxxiv_koestritz
#erdmuthe_benigna_ebersdorf,#heinrichxxiv_koestritz
#erdmuthe_benigna_ebersdorf,#heinrichxxiv_koestritz
#erdmuthe_benigna_ebersdorf,#heinrichxxiv_koestritz
#erdmuthe_benigna_ebersdorf,#heinrichxxiv_koestritz
#erdmuthe_benigna_ebersdorf,#heinrichxxiv_koestritz
#erdmuthe_benigna_ebersdorf,#heinrichxxiv_koestritz
#erdmuthe_benigna_ebersdorf,#heinrichxxiv_koestritz
#heinrichxxiv_koestritz,#erdmuthe_benigna_ebersdorf
#erdmuthe_benigna_ebersdorf,#heinrichxxiv_koestritz
#erdmuthe_benigna_ebersdorf,#heinrichxxiv_koestritz
#erdmuthe_benigna_ebersdorf,#heinrichxxiv_koestritz
#erdmuthe_benigna_ebersdorf,#heinrichxxiv_koestritz
#heinrichxxiv_koestritz,#erdmuthe_benigna_ebersdorf
#erdmuthe_benigna_ebersdorf,#heinrichxxiv_koestritz
#erdmuthe_benigna_ebersdorf,#heinrichxxiv_koestritz
#erdmuthe_benigna_ebersdorf,#heinrichxxiv_koestritz
#erdmuthe_benigna_ebersdorf,#heinrichxxiv_koestritz
#erdmuthe_benigna_ebersdorf,#heinrichxxiv_koestritz
#erdmuthe_benigna_ebersdorf,#heinrichxxiv_koestritz
#erdmuthe_benigna_ebersdorf,#heinrichxxiv_koestritz
#erdmuthe_benigna_ebersdorf,#heinrichxxiv_koestritz
#heinrichxxiv_koestritz,#erdmuthe_benigna_ebersdorf
#erdmuthe_benigna_ebersdorf,#heinrichxxiv_koestritz
#erdmuthe_benigna_ebersdorf,#heinrichxxiv_koestritz
#erdmuthe_benigna_ebersdorf,#heinrichxxiv_koestritz
#heinrichxxiv_koestritz,#erdmuthe_benigna_ebersdorf
#erdmuthe_benigna_ebersdorf,#heinrichxxiv_koestritz
#erdmuthe_benigna_ebersdorf,#heinrichxxiv_koestritz
#erdmuthe_benigna_ebersdorf,#heinrichxxiv_koestritz
#erdmuthe_benigna_ebersdorf,#heinrichxxiv_koestritz
#erdmuthe_benigna_ebersdorf,#heinrichxxiv_koestritz
#erdmuthe_benigna_ebersdorf,#heinrichxxiv_koestritz
#erdmuthe_benigna_ebersdorf,#heinrichxxiv_koestritz
#erdmuthe_benigna_ebersdorf,#heinrichxxiv_koestritz
#erdmuthe_benigna_ebersdorf,#heinrichxxiv_koestritz
#erdmuthe_benigna_ebersdorf,#heinrichxxiv_koestritz
#erdmuthe_benigna_ebersdorf,#heinrichxxiv_koestritz
#erdmuthe_benigna_ebersdorf,#heinrichxxiv_koestritz
#heinrichxxiv_koestritz,#erdmuthe_benigna_ebersdorf
#erdmuthe_benigna_ebersdorf,#heinrichxxiv_koestritz
#erdmuthe_benigna_ebersdorf,#heinrichxxiv_koestritz
#heinrichxxiv_koestritz,#erdmuthe_benigna_ebersdorf
#erdmuthe_benigna_ebersdorf,#heinrichxxiv_koestritz
#erdmuthe_benigna_ebersdorf,#heinrichxxiv_koestritz
#erdmuthe_benigna_ebersdorf,#heinrichxxiv_koestritz
#erdmuthe_benigna_ebersdorf,#heinrichxxiv_koestritz
#erdmuthe_benigna_ebersdorf,#heinrichxxiv_koestritz
#erdmuthe_benigna_ebersdorf,#heinrichxxiv_koestritz
#erdmuthe_benigna_ebersdorf,#heinrichxxiv_koestritz
#erdmuthe_benigna_ebersdorf,#heinrichxxiv_koestritz
#erdmuthe_benigna_ebersdorf,#heinrichxxiv_koestritz
#erdmuthe_benigna_ebersdorf,#heinrichxxiv_koestritz
#erdmuthe_benigna_ebersdorf,#heinrichxxiv_koestritz
#erdmuthe_benigna_ebersdorf,#heinrichxxiv_koestritz
#erdmuthe_benigna_ebersdorf,#heinrichxxiv_koestritz
#heinrichxxiv_koestritz,#erdmuthe_benigna_ebersdorf
#erdmuthe_benigna_ebersdorf,#heinrichxxiv_koestritz
#erdmuthe_benigna_ebersdorf,#heinrichxxiv_koestritz
#erdmuthe_benigna_ebersdorf,#heinrichxxiv_koestritz
#erdmuthe_benigna_ebersdorf,#heinrichxxiv_koestritz
#erdmuthe_benigna_ebersdorf,#heinrichxxiv_koestritz
#erdmuthe_benigna_ebersdorf,#heinrichxxiv_koestritz
#erdmuthe_benigna_ebersdorf,#heinrichxxiv_koestritz
#erdmuthe_benigna_ebersdorf,#heinrichxxiv_koestritz
#erdmuthe_benigna_ebersdorf,#heinrichxxiv_koestritz
#erdmuthe_benigna_ebersdorf,#heinrichxxiv_koestritz
#erdmuthe_benigna_ebersdorf,#heinrichxxiv_koestritz
#erdmuthe_benigna_ebersdorf,#heinrichxxiv_koestritz
#erdmuthe_benigna_ebersdorf,#heinrichxxiv_koestritz
#erdmuthe_benigna_ebersdorf,#heinrichxxiv_koestritz
#erdmuthe_benigna_ebersdorf,#heinrichxxiv_koestritz
#heinrichxxiv_koestritz,#erdmuthe_benigna_ebersdorf
#erdmuthe_benigna_ebersdorf,#heinrichxxiv_koestritz
#erdmuthe_benigna_ebersdorf,#heinrichxxiv_koestritz
#erdmuthe_benigna_ebersdorf,#heinrichxxiv_koestritz
#erdmuthe_benigna_ebersdorf,#heinrichxxiv_koestritz
#erdmuthe_benigna_ebersdorf,#heinrichxxiv_koestritz
#erdmuthe_benigna_ebersdorf,#heinrichxxiv_koestritz
#erdmuthe_benigna_ebersdorf,#heinrichxxiv_koestritz
#erdmuthe_benigna_ebersdorf,#heinrichxxiv_koestritz
#erdmuthe_benigna_ebersdorf,#heinrichxxiv_koestritz
#erdmuthe_benigna_ebersdorf,#heinrichxxiv_koestritz
#erdmuthe_benigna_ebersdorf,#heinrichxxiv_koestritz
#erdmuthe_benigna_ebersdorf,#heinrichxxiv_koestritz
#erdmuthe_benigna_ebersdorf,#heinrichxxiv_koestritz
#erdmuthe_benigna_ebersdorf,#heinrichxxiv_koestritz